DATE,FACEBOOK,INSTAGRAM,TWITTER,QUORA,LINKEDIN,REDDIT,SNAPCHAT,YOUTUBE,TIKTOK,EMAIL,OTHER
2021-05-28,2,0,0,0,3,35,4,0,0,0,9
2021-05-29,116,1,0,0,0,18,2,0,0,0,0
2021-05-30,10,6,0,0,5,31,5,0,0,0,1
2021-05-31,39,0,1,0,1,70,2,0,0,0,0
2021-06-01,77,17,0,0,5,18,0,0,0,0,2
2021-06-02,52,6,6,0,4,46,0,0,0,0,1
2021-06-03,53,7,3,3,29,12,1,0,0,0,0
2021-06-04,17,1,0,1,3,67,10,0,0,0,0
2021-06-05,25,0,2,0,8,50,4,0,0,0,0
2021-06-06,140,3,0,0,3,21,2,0,0,0,0
2021-06-07,153,15,1,2,4,65,1,0,0,0,48
2021-06-08,131,8,11,1,22,143,0,0,0,0,28
2021-06-09,106,2,37,0,4,83,7,0,0,0,7
2021-06-10,33,5,35,12,3,31,2,0,0,0,5
2021-06-11,78,26,27,71,46,55,6,0,0,0,30
2021-06-12,35,47,24,28,33,36,4,0,0,0,9
2021-06-13,70,5,34,5,7,94,4,0,0,0,13
2021-06-14,57,1,1,4,32,54,4,0,0,0,9
2021-06-15,35,0,20,0,4,137,10,0,0,0,5
2021-06-16,69,0,12,0,4,158,5,0,0,0,0
2021-06-17,68,4,56,0,5,41,2,0,0,0,3
2021-06-18,52,0,95,0,1,38,2,0,0,0,1
2021-06-19,47,0,5,0,17,4,1,0,0,0,0
2021-06-20,67,0,117,0,6,106,0,0,0,0,1
2021-06-21,53,1,56,0,9,75,4,0,0,0,0
2021-06-22,136,2,87,0,10,56,0,0,0,0,1
2021-06-23,120,0,8,0,3,22,5,0,0,0,15
2021-06-24,60,1,196,0,71,11,1,0,0,0,8
2021-06-25,51,2,83,0,8,21,3,0,0,0,0
2021-06-26,17,0,16,0,0,11,4,0,0,0,3
2021-06-27,11,0,492,0,0,10,0,0,0,0,1
2021-06-30,39,1,51,0,14,83,5,0,0,0,2
2021-07-01,54,0,194,0,16,185,2,0,0,1,3
2021-07-02,35,1,22,0,10,231,2,0,0,0,0
2021-07-03,20,1,119,0,5,50,1,0,0,0,0
2021-07-04,13,1,44,0,2,93,2,0,0,0,1
2021-07-06,17,0,263,0,3,8,2,0,0,0,0
2021-07-07,11,0,32,0,1,21,1,0,0,0,0
2021-07-08,16,0,7,0,4,33,3,0,0,0,9
2021-07-09,26,0,21,0,19,96,3,0,0,0,0
2021-07-11,12,0,6,0,1,35,3,0,0,0,0
2021-07-12,33,1,24,2,13,47,2,0,0,0,1
2021-07-13,51,0,12,0,3,81,0,0,0,0,2
2021-07-14,18,0,14,0,6,94,1,0,0,0,1
2021-07-15,9,0,6,0,1,107,0,0,0,0,0
2021-07-17,31,0,31,0,5,108,1,0,0,0,1
2021-07-18,11,0,14,0,4,82,2,0,0,0,2
2021-07-19,27,0,38,0,2,119,1,0,0,0,0
2021-07-20,40,41,23,0,8,211,3,0,0,0,1
2021-07-21,9,13,33,0,1,117,1,0,0,0,0
2021-07-22,90,13,40,0,1,94,2,0,0,0,0
2021-07-23,59,23,21,0,1,90,1,0,0,0,0
2021-07-27,17,24,16,0,4,87,0,0,0,0,17
2021-07-29,37,4,5,0,0,17,1,0,0,0,1
2021-07-30,5,4,31,0,1,12,7,0,0,0,24
2021-08-02,24,10,2,0,0,10,1,0,0,0,1
2021-08-03,9,5,3,0,0,17,3,0,0,0,0
2021-08-04,3,0,1,0,1,9,1,0,0,0,0
2021-08-05,2,1,9,0,7,12,2,0,0,0,1
2021-08-08,8,0,1,0,0,4,0,0,0,9,1
2021-08-09,8,1,0,0,0,5,3,0,0,12,12
2021-08-12,3,1,0,0,0,11,2,0,0,0,1
2021-08-14,4,0,1,0,0,6,1,0,0,16,1
2021-08-21,3,0,2,0,0,9,3,0,0,0,0
2021-08-23,9,0,4,0,4,11,2,0,0,0,2
2021-08-24,13,0,4,0,3,10,1,0,0,0,1
2021-08-25,16,0,0,0,0,11,3,0,0,0,0
2021-08-26,13,0,9,0,3,18,7,0,0,8,0
2021-08-29,13,0,1,0,1,12,0,0,0,1,12
2021-09-05,14,8,1,0,1,48,1,0,0,0,0
2021-09-06,20,6,6,0,2,69,2,0,0,1,0
2021-09-10,37,0,7,0,1,54,0,0,0,0,1
2021-09-15,23,0,0,0,0,6,4,0,0,0,1
2021-09-16,96,11,13,0,0,60,0,0,0,0,1
2021-09-17,31,3,11,0,2,64,1,0,0,1,1
2021-09-19,10,0,1,0,0,8,2,0,0,0,0
2021-09-20,8,0,1,0,0,12,0,0,0,0,1
2021-04-20,63,0,1,0,2,15,11,0,0,0,6
2021-04-21,13,0,0,0,9,11,4,0,0,0,0
2021-04-22,3,0,0,0,0,11,0,0,0,0,0
2021-04-23,12,0,1,0,1,8,2,0,0,0,1
2021-04-24,1,0,1,0,5,17,9,0,0,0,36
2021-04-25,6,0,0,0,0,28,4,0,0,0,8
2021-04-26,0,0,1,0,2,9,6,0,0,0,0
2021-04-27,1,0,3,0,4,12,0,0,0,0,38
2021-04-28,3,0,1,0,1,7,8,0,0,0,27
2021-04-29,0,0,0,0,0,4,11,0,0,0,16
2021-04-30,1,0,0,0,5,6,4,0,0,0,16
2021-05-01,1,0,0,0,0,9,2,0,0,0,0
2021-05-02,4,0,0,0,0,6,2,0,0,0,0
2021-05-05,1,0,0,0,1,2,1,0,0,0,1
2021-05-07,1,0,1,0,1,1,13,0,0,0,3
2021-05-12,0,0,0,0,0,5,2,0,0,0,3
2021-05-14,1,0,1,0,2,10,1,0,0,0,1
2021-05-17,23,2,6,0,1,29,3,0,0,0,1
2021-05-19,17,4,1,0,2,51,0,0,0,0,4
2021-05-21,26,14,0,0,0,7,5,0,0,0,1
2021-05-23,0,3,5,0,0,25,3,0,0,0,2
2021-05-26,16,2,4,0,0,17,1,0,0,0,2
2021-06-28,35,0,190,0,17,23,0,0,0,0,1
2021-08-01,7,4,6,0,2,10,14,0,0,0,39
2021-08-10,0,0,0,0,0,6,0,0,0,0,1
2021-08-27,6,0,3,1,1,8,2,0,0,0,1
2021-08-28,5,0,3,0,3,7,3,0,0,0,4
2021-08-31,76,0,3,0,1,7,3,0,0,0,3
2021-09-01,43,0,0,0,1,38,3,0,0,0,1
2021-09-11,86,0,2,0,1,12,0,0,0,0,1
2021-09-12,64,0,1,0,0,24,1,0,0,0,0
2021-06-29,30,0,136,0,6,11,1,0,0,0,0
2021-07-05,23,0,358,0,3,38,3,0,0,0,0
2021-07-10,18,0,23,0,13,93,0,0,0,0,1
2021-07-16,33,0,18,0,6,39,2,0,0,0,0
2021-07-24,12,27,7,0,6,118,2,0,0,0,29
2021-07-25,21,4,18,0,3,194,2,0,0,0,1
2021-07-26,29,3,27,0,1,90,4,0,0,0,1
2021-07-28,13,21,0,0,1,21,3,0,0,0,0
2021-07-31,1,1,2,0,5,8,4,0,0,0,20
2021-08-06,30,2,0,0,1,9,3,0,0,0,0
2021-08-07,26,0,1,0,0,37,2,0,0,0,26
2021-08-11,1,0,1,0,0,7,1,0,0,23,3
2021-08-13,14,0,1,0,0,9,1,0,0,0,2
2021-08-15,0,0,4,0,0,7,1,0,0,0,0
2021-08-16,4,2,2,0,12,246,0,0,0,0,1
2021-08-17,1,0,2,0,0,52,1,0,0,0,0
2021-08-18,6,2,3,0,0,27,1,0,0,0,2
2021-08-19,7,0,2,0,0,36,3,0,0,0,1
2021-08-20,17,3,4,0,1,10,2,0,0,0,1
2021-08-22,0,0,3,0,1,6,9,0,0,0,1
2021-08-30,62,2,0,0,1,7,0,0,0,0,0
2021-09-02,39,0,1,0,0,22,0,0,0,0,2
2021-09-03,58,0,0,0,0,2,1,0,0,0,0
2021-09-07,44,0,5,0,2,4,0,0,0,0,1
2021-09-08,15,3,7,0,0,36,2,0,0,0,2
2021-09-09,15,0,6,0,1,51,3,0,0,0,1
2021-09-14,52,0,8,0,1,6,0,0,0,0,0
2021-09-18,8,1,1,0,0,19,2,0,0,0,0
2021-09-21,2,0,2,0,2,12,2,0,0,0,0
2021-09-04,23,7,2,0,2,51,2,0,0,0,2
2021-09-13,32,0,1,0,0,92,3,0,0,0,1
2021-09-22,1,3,9,0,3,0,0,0,0,0,1
2021-03-11,0,0,0,0,0,1,0,0,0,0,0
2021-03-13,0,0,0,0,0,1,0,0,0,0,0
2021-03-15,4,0,0,0,4,0,0,0,0,0,1
2021-03-16,1,0,0,0,1,0,0,0,0,0,0
2021-03-17,52,14,0,0,1,43,1,0,0,1,8
2021-03-19,10,4,0,0,3,0,0,0,0,0,1
2021-03-21,235,14,0,0,0,4,0,0,0,0,0
2021-03-23,37,0,92,0,3,25,2,0,0,0,0
2021-03-24,128,1,124,0,7,7,10,0,0,0,7
2021-03-25,140,0,88,0,6,7,6,0,0,0,4
2021-03-26,45,6,9,0,3,4,0,0,0,0,0
2021-03-28,29,0,18,0,5,21,0,0,0,0,8
2021-03-29,32,0,32,0,2,5,15,0,0,0,5
2021-04-04,50,0,41,0,24,2,14,0,0,0,0
2021-04-06,29,0,47,0,5,1,5,0,0,0,5
2021-04-09,176,30,106,0,27,0,19,0,0,0,124
2021-05-13,0,0,0,0,0,19,0,0,0,0,16
2021-05-16,23,17,0,0,4,22,1,0,0,0,2
2021-05-18,10,9,0,0,0,19,4,0,0,0,2
2021-05-20,1,1,0,0,0,81,4,0,0,0,0
2021-05-22,7,0,4,0,9,0,5,0,0,0,2
2021-05-24,3,0,0,0,0,7,2,0,0,0,2
2021-05-25,42,20,0,0,0,50,1,0,0,0,0
2021-05-27,1,0,0,0,0,0,1,0,0,0,0
2021-05-04,2,0,0,0,1,22,0,0,0,0,8
2021-05-08,2,0,0,0,0,2,12,0,0,0,6
2021-05-09,2,0,0,0,0,0,4,0,0,0,4
2021-05-10,2,0,0,0,0,0,4,0,0,0,4
2021-05-11,2,0,0,0,0,0,2,0,0,0,2
2021-05-15,2,0,0,0,3,2,2,0,0,0,2
2021-03-18,9,9,12,0,0,22,0,0,0,0,0
2021-03-20,16,0,0,0,0,0,0,0,0,0,0
2021-03-22,18,10,87,0,0,7,0,0,0,0,2
2021-03-27,8,0,0,0,0,40,6,0,0,0,0
2021-03-30,54,1,0,0,3,3,7,0,0,0,0
2021-03-31,138,60,16,0,6,21,5,0,0,0,78
2021-04-01,253,7,11,0,4,22,3,0,0,0,191
2021-04-02,43,1,73,0,4,8,3,0,0,0,9
2021-04-03,10,0,58,0,0,0,4,0,0,0,4
2021-04-05,116,24,68,0,1,8,15,0,0,0,28
2021-04-07,15,0,40,0,5,13,13,0,0,0,54
2021-04-08,18,5,74,0,5,9,22,0,0,0,0
2021-04-10,60,0,40,0,5,8,13,0,0,0,36
2021-04-11,14,0,81,0,7,3,18,0,0,0,4
2021-04-12,26,0,71,0,3,7,19,0,0,0,4
2021-04-13,25,0,112,0,6,1,21,0,0,0,4
2021-04-14,62,0,57,0,5,5,26,0,0,0,5
2021-04-15,22,0,50,0,3,1,24,0,0,0,5
2021-04-16,22,0,32,0,8,1,15,0,0,0,5
2021-04-17,8,0,11,0,1,1,10,0,0,0,4
2021-04-18,4,0,61,0,0,0,11,0,0,0,4
2021-04-19,1,0,18,0,1,2,3,0,0,0,0
2021-05-03,0,0,0,0,1,0,1,0,0,0,0
2021-05-06,0,0,1,0,1,0,5,0,0,0,0
2021-09-27,59,0,3,0,2,20,4,0,0,0,1
2021-09-29,46,3,4,0,1,8,1,0,0,0,0
2021-09-23,30,0,2,0,0,16,2,0,0,0,1
2021-09-24,18,11,5,0,1,34,2,0,0,0,1
2021-09-25,10,0,2,0,2,6,2,0,0,0,0
2021-09-26,4,0,0,0,0,2,3,0,0,0,2
2021-09-28,96,1,0,0,1,10,1,0,0,0,1
2021-09-30,26,1,0,0,0,6,0,0,0,0,1
2021-10-01,19,1,2,0,0,3,2,0,0,0,0
2021-10-02,8,1,2,0,0,3,3,0,0,0,1
2021-10-03,5,1,0,0,0,2,0,0,0,0,0
2021-10-04,1,1,0,0,0,3,2,0,0,0,3
2021-10-05,3,4,0,0,0,3,4,0,0,0,1
2021-10-06,4,0,8,0,1,4,0,0,0,0,0
2021-10-07,3,20,5,0,0,18,10,0,0,0,1
2021-10-08,1,20,3,0,1,42,3,0,0,0,1
2021-10-09,23,65,2,0,0,6,1,0,0,0,1
2021-10-10,4,66,2,0,0,2,4,0,0,0,0
2021-10-11,7,2,0,0,0,1,0,0,0,0,1
2021-10-12,7,100,3,0,0,42,1,0,0,0,0
2021-10-14,1,0,1,0,0,2,1,0,0,0,0
2021-10-16,2,0,1,0,0,1,1,0,0,0,0
2021-10-17,6,149,2,0,0,2,2,0,0,0,3
2021-10-18,5,133,0,0,0,4,2,0,0,0,0
2021-10-19,5,165,0,0,0,6,4,0,0,0,1
2021-10-20,6,169,2,0,0,4,7,0,0,0,0
2021-10-21,1,74,0,0,0,2,2,0,0,0,1
2021-10-22,4,161,0,0,0,3,1,0,0,0,1
2021-10-23,1,159,0,0,0,1,1,0,0,0,3
2021-10-13,0,96,10,0,0,53,2,0,0,1,2
2021-10-15,2,1,0,0,0,2,2,0,0,0,1
2021-10-24,2,141,0,0,0,54,5,0,0,0,1
2021-03-08,1,0,0,0,0,0,0,0,0,0,0
2021-03-09,6,2,1,0,0,0,0,0,0,0,0
2021-03-10,2,2,2,0,2,2,1,0,0,1,1
2021-10-28,1,0,4,0,0,4,0,0,0,0,0
2021-10-25,0,0,0,0,0,11,0,0,0,0,0
2021-10-26,0,0,0,0,0,22,0,0,0,0,0
2021-10-27,0,0,8,0,2,7,0,0,0,0,0
2021-10-29,0,0,4,0,0,0,0,0,0,0,0
2021-10-30,0,0,5,0,5,7,0,0,0,0,0
2021-10-31,0,0,0,0,0,26,0,0,0,0,0
2021-11-01,0,0,0,0,0,6,0,0,0,0,0
2021-11-02,0,0,0,0,0,19,0,0,0,0,0
2021-11-05,0,0,17,0,0,0,0,0,0,0,0
2021-11-06,0,0,0,41,0,0,0,0,0,0,0
2021-11-07,5,9,4,7,0,0,2,0,0,0,5
2021-11-08,34,14,7,51,5,0,0,0,0,0,0
2021-11-09,27,10,25,30,2,14,4,7,0,0,3
2021-11-10,40,12,39,29,2,24,3,3,0,0,2
2021-11-12,77,4,20,23,0,1,1,6,0,0,0
2021-11-13,61,0,52,24,0,2,0,1,0,0,0
2021-11-15,55,5,32,17,2,13,1,9,0,0,0
2021-11-16,16,10,25,25,0,3,0,4,0,0,0
2021-11-17,150,15,45,11,0,2,0,2,0,0,0
2021-11-18,50,11,27,19,0,11,0,7,0,0,1
2021-11-19,73,8,26,12,29,7,0,0,0,0,2
2021-11-20,68,11,37,13,3,4,3,0,0,0,0
2021-11-21,138,20,46,16,4,7,1,10,0,0,0
2021-11-24,48,17,43,6,4,2,0,6,0,0,0
2021-11-25,173,26,72,33,8,0,4,18,0,2,2
2021-11-26,60,21,50,25,8,9,6,12,0,9,0
2021-11-28,31,23,27,7,4,4,5,32,0,3,5
2021-11-29,197,25,111,15,11,0,0,20,0,11,16
2021-11-30,82,31,66,21,10,7,0,13,0,6,29
2021-12-01,45,33,68,88,11,16,0,17,0,7,9
2021-12-02,72,50,48,105,13,15,5,16,0,12,16
2021-12-06,58,41,26,4,16,0,0,6,0,0,39
2021-12-10,54,19,34,15,24,6,0,13,0,0,9
2021-12-11,96,34,26,1,11,1,0,13,0,0,4
2021-11-11,19,9,22,14,2,9,0,2,0,0,0
2021-11-14,160,2,28,14,2,0,0,4,0,0,0
2021-11-22,110,18,33,19,2,4,2,10,0,0,0
2021-11-23,38,18,81,14,2,2,1,5,0,0,0
2021-11-27,29,18,22,33,6,16,3,7,0,8,8
2021-12-03,291,63,79,13,22,12,12,31,0,13,32
2021-12-04,85,80,75,52,32,5,0,35,0,18,31
2021-12-05,89,56,89,21,30,0,0,47,0,13,72
2021-12-08,44,20,33,6,0,1,0,23,0,0,18
2021-12-09,57,24,38,1,8,0,0,16,0,0,33
2021-12-07,153,51,58,0,9,0,0,29,0,0,7
2021-12-12,50,24,23,1,14,0,0,26,0,0,24
2021-12-13,56,41,22,12,11,4,0,13,0,0,27
2021-12-14,59,37,21,1,5,0,0,19,0,0,26
2021-12-15,25,26,22,0,10,0,0,24,0,0,25
2021-12-16,107,22,31,0,3,0,0,18,0,0,4
2021-12-17,34,31,25,0,7,0,0,25,0,0,13
2021-12-18,33,44,37,0,7,0,0,24,0,0,22
2021-12-19,44,38,50,0,15,0,0,12,0,0,26
2021-12-20,48,38,35,0,16,0,0,30,0,0,32
2021-12-21,92,32,37,0,7,0,0,19,0,0,8
2021-12-22,48,42,45,6,21,0,0,22,0,0,38
2021-12-23,54,46,31,0,13,0,0,29,0,0,34
2021-12-24,44,44,35,6,23,9,0,26,0,0,19
2021-12-25,40,57,41,0,15,0,0,23,0,0,34
2021-12-26,0,6,2,0,2,12,0,0,0,0,3
2021-12-27,2,1,0,0,2,0,0,3,0,0,0
2021-12-28,2,0,0,0,0,0,0,0,0,0,0
2021-12-29,0,2,0,0,0,0,0,0,0,0,0
2021-12-30,0,4,0,18,0,3,0,0,0,0,0
2021-12-31,0,1,0,18,0,4,0,0,0,0,0
2022-01-01,0,0,0,2,0,1,0,0,0,0,0
2022-01-02,0,0,0,20,0,0,0,0,0,0,0
2022-01-03,29,4,4,19,0,67,0,0,0,0,0
2022-01-04,0,2,4,0,0,15,0,0,0,0,0
2022-01-05,0,1,6,21,0,6,0,0,0,0,0
2022-01-06,0,0,0,32,2,7,0,0,0,0,0
2022-01-07,0,0,5,24,0,5,0,0,0,0,0
2022-01-08,4,7,10,23,0,8,0,0,0,0,0
2022-01-09,0,1,0,29,0,9,0,0,0,0,0
2022-01-10,0,1,7,26,2,0,0,0,0,0,0
2022-01-11,7,0,9,22,0,4,0,0,0,0,0
2022-01-12,0,0,8,30,2,3,0,0,0,0,0
2022-01-13,0,0,12,30,0,3,0,0,0,0,0
2022-01-14,6,5,4,22,2,14,0,0,0,0,0
2022-01-15,0,2,4,26,0,0,0,0,0,0,0
2022-01-19,1,0,0,0,0,0,0,0,0,0,0
2022-01-21,0,0,0,0,0,0,0,0,0,0,0
2022-01-22,0,0,0,0,0,0,0,0,0,0,0
2022-01-24,0,0,1,0,0,0,0,0,0,0,0
2022-01-25,0,0,0,0,0,0,0,0,0,0,0
2022-01-27,0,0,0,0,0,0,0,0,0,0,0
2022-01-28,0,0,0,0,0,0,0,0,0,0,0
2022-01-29,0,0,0,0,0,0,0,0,0,0,0
2022-01-31,0,0,0,0,0,0,0,0,0,0,0
2022-01-16,0,0,0,0,0,0,0,0,0,0,0
